ORD;LOGRADOURO;NÚMERO;id_imovel;ZONA;TIPO;STATUS;COMPLEMENTO;RISCO;bairro;PROCESSO;EDITAL;FOTO;LONGITUDE;LATITUDE
29;Rua Desembargador Freitas;1610;Rua Desembargador Freitas, Número 1610 , Bairro Centro - Teresina/PI;Norte;Prédio;Abandonado;;;Centro;00027.005583/2024-42;45627;https://gsc48.wordpress.com/wp-content/uploads/2024/08/edital-12-2024.jpg;-42,81288831;-5,08564661
207;Rua Riachuelo;S/Nº;Rua Riachuelo, Número S/Nº (Ao lado do nº 36), Bairro Centro - Teresina/PI;Norte;Casa;Abandonado;(Ao lado do nº 36);;Centro;00027.005683/2024-79;85-2024;https://gsc48.wordpress.com/wp-content/uploads/2024/08/edital-85-2024.jpg;-42,81667182;-5,093736388
51;Rua Lisandro Nogueira;1698;Rua Lisandro Nogueira, Número 1698 , Bairro Centro - Teresina/PI;Norte;Terreno;Abandonado;;;Centro;00027.005605/2024-74;25-2024;https://gsc48.wordpress.com/wp-content/uploads/2024/08/edital-25-2024.jpg;-42,81175385;-5,08608018
210;Rua Riachuelo;S/Nº;Rua Riachuelo, Número S/Nº (Ao lado do nº928), Bairro Centro - Teresina/PI;Sul;Casa;Abandonado;(Ao lado do nº928);;Centro;00027.005686/2024-11;88-2024;https://gsc48.wordpress.com/wp-content/uploads/2024/08/edital-88-2024.jpg;-42,81322688;-5,100527517
52;Rua Lisandro Nogueira;1693;Rua Lisandro Nogueira, Número 1693 , Bairro Centro - Teresina/PI;Norte;Terreno;Abandonado;;;Centro;00027.005606/2024-19;26-2024;https://gsc48.wordpress.com/wp-content/uploads/2024/08/edital-26-2024.jpg;-42,81186456;-5,08592698
94;Rua Eliseu Martins;1542;Rua Eliseu Martins, Número 1542 , Bairro Centro - Teresina/PI;Norte;Prédio;Abandonado;;;Centro;00027.005630/2024-58;40-2024;https://gsc48.wordpress.com/wp-content/uploads/2024/08/edital-40-2024.jpg;-42,81232502;-5,088216089
99;Rua Eliseu Martins;1570;Rua Eliseu Martins, Número 1570 , Bairro Centro - Teresina/PI;Norte;Prédio;Abandonado;;;Centro;00027.005634/2024-36;42-2024;https://gsc48.wordpress.com/wp-content/uploads/2024/08/edital-42-2024.jpg;-42,81180527;-5,08800872
119;Rua Álvaro Mendes;1431;Rua Álvaro Mendes, Número 1431 , Bairro Centro - Teresina/PI;Norte;Prédio;Abandonado;;;Centro;00027.005640/2024-93;48-2023;https://gsc48.wordpress.com/wp-content/uploads/2024/08/edital-48-2023.jpg;-42,81246778;-5,089881
146;Rua Paissandu;1699;Rua Paissandu, Número 1699 , Bairro Centro - Teresina/PI;Sul;Prédio;Abandonado;;;Centro;00027.005647/2024-13;55-2024;https://gsc48.wordpress.com/wp-content/uploads/2024/08/edital-55-2024.jpg;-42,80947555;-5,09047173
185;Rua Olavo Bilac;S/Nº;Rua Olavo Bilac, Número S/Nº (Ao lado do nº 1010), Bairro Centro - Teresina/PI;Sul;Casa;Abandonado;(Ao lado do nº 1010);;Centro;00027.005663/2024-06;68-2024;https://gsc48.wordpress.com/wp-content/uploads/2024/08/edital-68-2024.jpg;-42,81352843;-5,095878787
158;Rua Félix Pacheco;1594;Rua Félix Pacheco, Número 1594 , Bairro Centro - Teresina/PI;Sul;Prédio;Abandonado;;;Centro;00027.005653/2024-62;59-2024;https://gsc48.wordpress.com/wp-content/uploads/2024/08/edital-59-2024.jpg;-42,80978159;-5,091935353
194;Rua João Cabral;S/Nº;Rua João Cabral, Número S/Nº (Próximo ao nº 727), Bairro Centro - Teresina/PI;Norte;Casa;Abandonado;(Próximo ao nº 727);;Centro;00027.005671/2024-44;76-2024;https://gsc48.wordpress.com/wp-content/uploads/2024/08/edital-76-2024.jpg;-42,82065647;-5,087781575
177;Rua Olavo Bilac;1651;Rua Olavo Bilac, Número 1651 , Bairro Centro - Teresina/PI;Sul;Terreno;Abandonado;;;Centro;00027.005658/2024-95;63-2024;https://gsc48.wordpress.com/wp-content/uploads/2024/08/edital-63-2024.jpg;-42,8086009;-5,093068308
183;Rua Olavo Bilac;1436;Rua Olavo Bilac, Número 1436 , Bairro Centro - Teresina/PI;Sul;Terreno;Abandonado;;;Centro;00027.005661/2024-17;66-2024;https://gsc48.wordpress.com/wp-content/uploads/2024/08/edital-66-2024.jpg;-42,81029067;-5,094167674
215;Rua Riachuelo;S/Nº;Rua Riachuelo, Número S/Nº (Ao lado do nº 559), Bairro Centro - Teresina/PI;Sul;Terreno;Abandonado;(Ao lado do nº 559);;Centro;00027.005689/2024-46;91-2024;https://gsc48.wordpress.com/wp-content/uploads/2024/08/edital-91-2024.jpg;-42,81447787;-5,097583955
188;Rua Ricardo Seabra;948;Rua Ricardo Seabra, Número 948 , Bairro Centro - Teresina/PI;Sul;Terreno;Abandonado;;;Centro;00027.005665/2024-97;70-2024;https://gsc48.wordpress.com/wp-content/uploads/2024/08/edital-70-2024.jpg;-42,80275071;-5,095147471
216;Rua Firmino Pires;S/Nº;Rua Firmino Pires, Número S/Nº (Em frente ao nº 540), Bairro Centro - Teresina/PI;Sul;Terreno;Abandonado;(Em frente ao nº 540);;Centro;00027.005695/2024-01;92-2024;https://gsc48.wordpress.com/wp-content/uploads/2024/08/edital-92-2024.jpg;-42,81447787;-5,097583955
189;Av. José dos Santos e Silva;1620;Av. José dos Santos e Silva, Número 1620 , Bairro Centro - Teresina/PI;Sul;Terreno;Abandonado;;;Centro;00027.005666/2024-31;71-2024;https://gsc48.wordpress.com/wp-content/uploads/2024/08/edital-71-2024.jpg;-42,80883354;-5,095288139
225;Rua Simplício Mendes;S/Nº;Rua Simplício Mendes, Número S/Nº (Ao lado do nº 1200), Bairro Centro - Teresina/PI;Norte;Terreno;Abandonado;(Ao lado do nº 1200);;Centro;00027.005703/2024-10;98-2024;https://gsc48.wordpress.com/wp-content/uploads/2024/08/edital-98-2024.jpg;-42,81952018;-5,082795153
190;Av. José dos Santos e Silva;1653;Av. José dos Santos e Silva, Número 1653 , Bairro Centro - Teresina/PI;Sul;Terreno;Abandonado;;;Centro;00027.005667/2024-86;72-2024;https://gsc48.wordpress.com/wp-content/uploads/2024/08/edital-72-2024.jpg;-42,80852879;-5,095125861
196;Rua João Cabral;817;Rua João Cabral, Número 817 , Bairro Centro - Teresina/PI;Norte;Prédio;Abandonado;;;Centro;00027.005672/2024-99;77-2024;https://gsc48.wordpress.com/wp-content/uploads/2024/08/edital-77-2024.jpg;-42,82101113;-5,08702189
201;Rua João Cabral;164;Rua João Cabral, Número 164 , Bairro Centro - Teresina/PI;Norte;Prédio;Abandonado;;;Centro;00027.005679/2024-19;81-2024;https://gsc48.wordpress.com/wp-content/uploads/2024/08/edital-81-2024.jpg;-42,8166187;-5,094823965
206;Rua Riachuelo;53;Rua Riachuelo, Número 53 , Bairro Centro - Teresina/PI;Norte;Terreno;Abandonado;;;Centro;00027.005682/2024-24;84-2024;https://gsc48.wordpress.com/wp-content/uploads/2024/08/edital-84-2024.jpg;-42,81648634;-5,093620662
214;Rua Riachuelo;742;Rua Riachuelo, Número 742 , Bairro Centro - Teresina/PI;Sul;Prédio;Abandonado;;;Centro;00027.005688/2024-00;90-2024;https://gsc48.wordpress.com/wp-content/uploads/2024/08/edital-90-2024.jpg;-42,81398478;-5,099124905
224;Rua Rui Barbosa;915;Rua Rui Barbosa, Número 915 , Bairro Centro - Teresina/PI;Sul;Terreno;Abandonado;;;Centro;00027.005700/2024-78;97-2024;https://gsc48.wordpress.com/wp-content/uploads/2024/08/edital-97-2024.jpg;-42,81169885;-5,099795288
27;Rua Desembargador Freitas;S/Nº;Rua Desembargador Freitas, Número S/Nº (Em frente ao nº 1496) , Bairro Centro - Teresina/PI;Norte;Casa;Abandonado;(Em frente ao nº 1496);Apresenta risco de desabamento;Centro;00027.005582/2024-06;45597;https://gsc48.wordpress.com/wp-content/uploads/2024/08/edital-11-2024.jpg;-42,81391751;-5,085910986
237;Rua Barroso;860;Rua Barroso, Número 860 , Bairro Centro - Teresina/PI;Sul;Terreno;Abandonado;;;Centro;00027.005710/2024-11;102-2024;https://gsc48.wordpress.com/wp-content/uploads/2024/08/edital-102-2024.jpg;-42,81060894;-5,098839136
260;Rua 13 de Maio;1314;Rua 13 de Maio, Número 1314 , Bairro Centro - Teresina/PI;Norte;Terreno;Abandonado;;;Centro;00027.005736/2024-51;119-2024;https://gsc48.wordpress.com/wp-content/uploads/2024/08/edital-119-2024.jpg;-42,81877616;-5,08093741
245;Rua Barroso;S/Nº;Rua Barroso, Número S/Nº (Ao lado do nº 571), Bairro Centro - Teresina/PI;Sul;Prédio;Abandonado;(Ao lado do nº 571);;Centro;00027.005716/2024-81;107-2024;https://gsc48.wordpress.com/wp-content/uploads/2024/08/edital-107-2024.jpg;-42,81171477;-5,096461372
248;Rua Barroso;S/Nº;Rua Barroso, Número S/Nº (Ao lado do n] 1744), Bairro Vermelha - Teresina/PI;Norte;Casa;Abandonado;(Ao lado do n] 1744);;Vermelha;00027.005721/2024-93;110-2024;https://gsc48.wordpress.com/wp-content/uploads/2024/08/edital-110-2024.jpg;-42,80753173;-5,106331033
249;Rua Barroso;S/Nº;Rua Barroso, Número S/Nº (Em frente ao nº 1062), Bairro Vermelha - Teresina/PI;Norte;Terreno;Abandonado;(Em frente ao nº 1062);;Vermelha;00027.005722/2024-38;111-2024;https://gsc48.wordpress.com/wp-content/uploads/2024/08/edital-111-2024.jpg;-42,8098464;-5,100640485
251;Rua Barroso;S/Nº;Rua Barroso, Número S/Nº (Ao lado do nº 1184), Bairro Centro - Teresina/PI;Norte;Terreno;Abandonado;(Ao lado do nº 1184);;Centro;00027.005725/2024-71;113-2024;https://gsc48.wordpress.com/wp-content/uploads/2024/08/edital-113-2024.jpg;-42,81890087;-5,082309135
255;Rua 13 de Maio;S/Nº;Rua 13 de Maio, Número S/Nº (Ao lado do nº 793), Bairro Centro - Teresina/PI;Sul;Casa;Abandonado;(Ao lado do nº 793);;Centro;00027.005729/2024-50;115-2024;https://gsc48.wordpress.com/wp-content/uploads/2024/08/edital-115-2024.jpg;-42,81017106;-5,098028472
321;Rua Arlindo Nogueira;725;Rua Arlindo Nogueira, Número 725 , Bairro Centro - Teresina/PI;Norte;Terreno;Abandonado;;;Centro;00027.005794/2024-85;157-2024;https://gsc48.wordpress.com/wp-content/uploads/2024/08/edital-157-2024.jpg;-42,81179322;-5,084661477
202;Rua João Cabral;S/Nº;Rua João Cabral, Número S/Nº (Ao lado do nº 731), Bairro Centro - Teresina/PI;Sul;Prédio;Abandonado;(Ao lado do nº 731);;Centro;00027.005680/2024-35;82-2024;https://gsc48.wordpress.com/wp-content/uploads/2024/08/edital-82-2024.jpg;-42,81418965;-5,099375949
322;Rua Arêa Leão;738;Rua Arêa Leão, Número 738 , Bairro Centro - Teresina/PI;Norte;Terreno;Abandonado;;;Centro;00027.005795/2024-20;158-2024;https://gsc48.wordpress.com/wp-content/uploads/2024/08/edital-158-2024.jpg;-42,81251032;-5,083772605
323;Rua Arêa Leão;532;Rua Arêa Leão, Número 532 , Bairro Centro - Teresina/PI;Norte;Prédio;Abandonado;;;Centro;00027.005796/2024-74;159-2024;https://gsc48.wordpress.com/wp-content/uploads/2024/08/edital-159-2024.jpg;-42,81165231;-5,083254106
350;Rua Coelho de Resende;621;Rua Coelho de Resende, Número 621 , Bairro Centro - Teresina/PI;Norte;Terreno;Abandonado;;;Centro;00027.005821/2024-10;183-2024;https://gsc48.wordpress.com/wp-content/uploads/2024/08/edital-183-2024.jpg;-42,80453511;-5,09248041
198;Rua João Cabral;S/Nº;Rua João Cabral, Número S/Nº (Ao lado do nº 622), Bairro Centro - Teresina/PI;Norte;Prédio;Abandonado;(Ao lado do nº 622);;Centro;00027.005677/2024-11;79-2024;https://gsc48.wordpress.com/wp-content/uploads/2024/08/edital-79-2024.jpg;-42,81986128;-5,088615574
365;Rua Des. Pires de Castro;371;Rua Des. Pires de Castro, Número 371 , Bairro Centro - Teresina/PI;Norte;Terreno;Abandonado;;;Centro;00027.005837/2024-22;197-2024;https://gsc48.wordpress.com/wp-content/uploads/2024/08/edital-197-2024.jpg;-42,8052203;-5,089177917
74;Rua Areolino de Abreu;S/Nº;Rua Areolino de Abreu, Número S/Nº (Em frente ao nº 1824), Bairro Centro - Teresina/PI;Norte;Casa;Abandonado;(Em frente ao nº 1824);;Centro;00027.005618/2024-43;33-2024;https://gsc48.wordpress.com/wp-content/uploads/2024/08/edital-33-2024.jpg;-42,81044566;-5,086163771
259;Rua 13 de Maio;S/Nº;Rua 13 de Maio, Número S/Nº (Em frente ao nº 882), Bairro Centro - Teresina/PI;Sul;Terreno;Abandonado;(Em frente ao nº 882);;Centro;00027.005733/2024-18;118-2024;https://gsc48.wordpress.com/wp-content/uploads/2024/08/edital-118-2024.jpg;-42,80990833;-5,098682824
262;Rua David Caldas;S/Nº;Rua David Caldas, Número S/Nº (Em frente ao nº 859), Bairro Centro - Teresina/PI;Sul;Casa;Abandonado;(Em frente ao nº 859);;Centro;00027.005743/2024-53;121-2024;https://gsc48.wordpress.com/wp-content/uploads/2024/08/edital-121-2024.jpg;-42,81620698;-5,084311886
250;Rua Barroso;1072;Rua Barroso, Número 1072 , Bairro Vermelha - Teresina/PI;Norte;Casa;Abandonado;;;Vermelha;00027.005723/2024-82;112-2024;https://gsc48.wordpress.com/wp-content/uploads/2024/08/edital-112-2024.jpg;-42,8100945;-5,100640152
44;Rua Desembargador Freitas;S/Nº;Rua Desembargador Freitas, Número S/Nº (Em frente ao nº 2199), Bairro Centro - Teresina/PI;Norte;Terreno;Abandonado;(Em frente ao nº 2199);;Centro;00027.005595/2024-77;19-2024;https://gsc48.wordpress.com/wp-content/uploads/2024/08/edital-19-2024.jpg;-42,80808452;-5,08322497
401;Avenida Joaquim Ribeiro;2004;Avenida Joaquim Ribeiro, Número 2004 , Bairro Nossa Sra Das Graças - Teresina/PI;Sul;Casa;Abandonado;;;Nossa Sra Das Graças;00027.005859/2024-92;219-2024;https://gsc48.wordpress.com/wp-content/uploads/2024/08/edital-219-2024.jpg;-42,8086773;-5,098884603
10;Av. Campos Sales;2035;Av. Campos Sales, Número 2035 , Bairro Centro - Teresina/PI;Norte;Casa;Abandonado;;;Centro;00027.005569/2024-49;45323;https://gsc48.wordpress.com/wp-content/uploads/2024/08/edital-02-2024.jpg;-42,8105169;-5,0817343
14;Rua Benjamin Constant;1486;Rua Benjamin Constant, Número 1486 , Bairro Centro - Teresina/PI;Norte;Casa;Abandonado;;;Centro;00027.005570/2024-73;45383;https://gsc48.wordpress.com/wp-content/uploads/2024/08/edital-04-2024.jpg;-42,8143405;-5,0853131
367;Rua Gov. Arthur de Vasconcelos;S/Nº;Rua Gov. Arthur de Vasconcelos, Número S/Nº (Esquina com Av. Frei Serafim), Bairro Centro - Teresina/PI;Norte;Casa;Abandonado;(Esquina com Av. Frei Serafim);;Centro;00027.005839/2024-11;199-2024;https://gsc48.wordpress.com/wp-content/uploads/2024/08/edital-199-2024.jpg;-42,80805718;-5,083266
15;Rua Benjamin Constant;1478;Rua Benjamin Constant, Número 1478 , Bairro Centro - Teresina/PI;Norte;Casa;Abandonado;;;Centro;00027.005571/2024-18;45413;https://gsc48.wordpress.com/wp-content/uploads/2024/08/edital-05-2024.jpg;-42,8143702;-5,0853261
16;Rua Benjamin Constant;1408;Rua Benjamin Constant, Número 1408 , Bairro Centro - Teresina/PI;Norte;Casa;Abandonado;;;Centro;00027.005572/2024-62;45444;https://gsc48.wordpress.com/wp-content/uploads/2024/08/edital-06-2024.jpg;-42,8149234;-5,085616
316;Rua Quintino Bocaiúva;S/Nº;Rua Quintino Bocaiúva, Número S/Nº (Ao lado do nº 472), Bairro Centro - Teresina/PI;Sul;Casa;Abandonado;(Ao lado do nº 472);;Centro;00027.005789/2024-72;152-2024;https://gsc48.wordpress.com/wp-content/uploads/2024/08/edital-152-2024.jpg;-42,80699263;-5,096299231
17;Rua Benjamin Constant;1302;Rua Benjamin Constant, Número 1302 , Bairro Centro - Teresina/PI;Norte;Casa;Abandonado;;;Centro;00027.005573/2024-15;45474;https://gsc48.wordpress.com/wp-content/uploads/2024/08/edital-07-2024.jpg;-42,8157228;-5,0860368
317;Rua Arlindo Nogueira;675;Rua Arlindo Nogueira, Número 675 , Bairro Centro - Teresina/PI;Sul;Casa;Abandonado;;;Centro;00027.005790/2024-05;153-2024;https://gsc48.wordpress.com/wp-content/uploads/2024/08/edital-153-2024.jpg;-42,80852587;-5,093913141
22;Rua Desembargador Freitas;1378;Rua Desembargador Freitas, Número 1378 , Bairro Centro - Teresina/PI;Norte;Casa;Abandonado;;;Centro;00027.005574/2024-51;45505;https://gsc48.wordpress.com/wp-content/uploads/2024/08/edital-08-2024.jpg;-42,8147507;-5,0866117
364;Rua Des. Pires de Castro;S/Nº;Rua Des. Pires de Castro, Número S/Nº (Ao lado do nº 150), Bairro Centro - Teresina/PI;Norte;Terreno;Abandonado;(Ao lado do nº 150);;Centro;00027.005836/2024-88;196-2024;https://gsc48.wordpress.com/wp-content/uploads/2024/08/edital-196-2024.jpg;-42,8051638;-5,089373594
23;Rua Desembargador Freitas;1400;Rua Desembargador Freitas, Número 1400, Bairro Centro - Teresina/PI;Norte;Casa;Abandonado;;;Centro;00027.005575/2024-04;45536;https://gsc48.wordpress.com/wp-content/uploads/2024/08/edital-09-2024.jpg;-42,81466011;-5,0865574
24;Rua Desembargador Freitas;1408;Rua Desembargador Freitas, Número 1408 , Bairro Centro - Teresina/PI;Norte;Casa;Abandonado;;;Centro;00027.005576/2024-41;45566;https://gsc48.wordpress.com/wp-content/uploads/2024/08/edital-10-2024.jpg;-42,81455359;-5,08651145
34;Rua Desembargador Freitas;1827;Rua Desembargador Freitas, Número 1827 , Bairro Centro - Teresina/PI;Norte;Casa;Abandonado;;Apresenta risco de desabamento;Centro;00027.005586/2024-86;15-2024;https://gsc48.wordpress.com/wp-content/uploads/2024/08/edital-15-2024.jpg;-42,8112466;-5,0845348
45;Rua Lisandro Nogueira;2197;Rua Lisandro Nogueira, Número 2197 , Bairro Centro - Teresina/PI;Norte;Casa;Abandonado;;;Centro;00027.005596/2024-11;20-2024;https://gsc48.wordpress.com/wp-content/uploads/2024/08/edital-20-2024.jpg;-42,80792263;-5,08373875
67;Rua Areolino de Abreu;S/Nº;Rua Areolino de Abreu, Número S/Nº (Ao lado do nº 2014), Bairro Centro - Teresina/PI;Norte;Terreno;Abandonado;(Ao lado do nº 2014);;Centro;00027.005614/2024-65;30-2024;https://gsc48.wordpress.com/wp-content/uploads/2024/08/edital-30-2024.jpg;-42,80862197;-5,08553997
46;Rua Lisandro Nogueira;1959;Rua Lisandro Nogueira, Número 1959 , Bairro Centro - Teresina/PI;Norte;Casa;Abandonado;;;Centro;00027.005598/2024-19;21-2024;https://gsc48.wordpress.com/wp-content/uploads/2024/08/edital-21-2024.jpg;-42,80982644;-5,08474458
47;Rua Lisandro Nogueira;1859;Rua Lisandro Nogueira, Número 1859 , Bairro Centro - Teresina/PI;Norte;Casa;Abandonado;;;Centro;00027.005599/2024-55;22-2024;https://gsc48.wordpress.com/wp-content/uploads/2024/08/edital-22-2024.jpg;-42,81060576;-5,08522583
73;Rua Areolino de Abreu;S/Nº;Rua Areolino de Abreu, Número S/Nº (Em frente ao nº 1834), Bairro Centro - Teresina/PI;Norte;Casa;Abandonado;(Em frente ao nº 1834);;Centro;00027.005617/2024-07;32-2024;https://gsc48.wordpress.com/wp-content/uploads/2024/08/edital-32-2024.jpg;-42,8103446;-5,086119013
48;Rua Lisandro Nogueira;1856;Rua Lisandro Nogueira, Número 1856 , Bairro Centro - Teresina/PI;Norte;Casa;Abandonado;;;Centro;00027.005602/2024-31;23-2024;https://gsc48.wordpress.com/wp-content/uploads/2024/08/edital-23-2024.jpg;-42,81049034;-5,08544441
50;Rua Lisandro Nogueira;1703;Rua Lisandro Nogueira, Número 1703 , Bairro Centro - Teresina/PI;Norte;Casa;Abandonado;;;Centro;00027.005604/2024-20;24-2024;https://gsc48.wordpress.com/wp-content/uploads/2024/08/edital-24-2024.jpg;-42,81179442;-5,08584478
53;Rua Lisandro Nogueira;1681;Rua Lisandro Nogueira, Número 1681 , Bairro Centro - Teresina/PI;Norte;Casa;Abandonado;;;Centro;00027.005608/2024-16;27-2024;https://gsc48.wordpress.com/wp-content/uploads/2024/08/edital-27-2024.jpg;-42,81193827;-5,085954986
62;Rua Lisandro Nogueira;1360;Rua Lisandro Nogueira, Número 1360 , Bairro Centro - Teresina/PI;Norte;Casa;Abandonado;;;Centro;00027.005612/2024-76;28-2024;https://gsc48.wordpress.com/wp-content/uploads/2024/08/edital-28-2024.jpg;-42,81445675;-5,08748568
33;Rua Desembargador Freitas;S/Nº;Rua Desembargador Freitas, Número S/Nº (Em frente ao nº 1728) , Bairro Centro - Teresina/PI;Norte;Casa;Abandonado;(Em frente ao nº 1728);;Centro;00027.005584/2024-97;14-2024;https://gsc48.wordpress.com/wp-content/uploads/2024/08/edital-14-2024.jpg;-42,81188587;-5,08488664
63;Rua Lisandro Nogueira;1296;Rua Lisandro Nogueira, Número 1296 , Bairro Centro - Teresina/PI;Norte;Casa;Abandonado;;;Centro;00027.005613/2024-11;29-2024;https://gsc48.wordpress.com/wp-content/uploads/2024/08/edital-29-2024.jpg;-42,81494547;-5,08773948
72;Rua Areolino de Abreu;1941;Rua Areolino de Abreu, Número 1941 , Bairro Centro - Teresina/PI;Norte;Casa;Abandonado;;;Centro;00027.005616/2024-54;31-2024;https://gsc48.wordpress.com/wp-content/uploads/2024/08/edital-31-2024.jpg;-42,80957969;-5,08569941
38;Rua Desembargador Freitas;S/Nº;Rua Desembargador Freitas, Número S/Nº (Em frente ao nº 1919), Bairro Centro - Teresina/PI;Norte;Construção;Abandonado;(Em frente ao nº 1919);;Centro;00027.005588/2024-75;16-2024;https://gsc48.wordpress.com/wp-content/uploads/2024/08/edital-16-2024.jpg;-42,81040988;-5,084337322
75;Rua Areolino de Abreu;1781;Rua Areolino de Abreu, Número 1781 , Bairro Centro - Teresina/PI;Norte;Casa;Abandonado;;;Centro;00027.005619/2024-98;34-2024;https://gsc48.wordpress.com/wp-content/uploads/2024/08/edital-34-2024.jpg;-42,8107658;-5,08627991
40;Rua Desembargador Freitas;S/Nº;Rua Desembargador Freitas, Número S/Nº (Em frente ao nº 2009), Bairro Centro - Teresina/PI;Norte;Casa;Abandonado;(Em frente ao nº 2009);;Centro;00027.005589/2024-10;17-2024;https://gsc48.wordpress.com/wp-content/uploads/2024/08/edital-17-2024.jpg;-42,80970314;-5,083981661
79;Rua Areolino de Abreu;1700;Rua Areolino de Abreu, Número 1700 , Bairro Centro - Teresina/PI;Norte;Casa;Abandonado;;;Centro;00027.005622/2024-10;35-2024;https://gsc48.wordpress.com/wp-content/uploads/2024/08/edital-35-2024.jpg;-42,81131313;-5,08688932
42;Rua Desembargador Freitas;S/Nº;Rua Desembargador Freitas, Número S/Nº (Em frente ao nº 2158), Bairro Centro - Teresina/PI;Norte;Terreno;Abandonado;(Em frente ao nº 2158);;Centro;00027.005594/2024-22;18-2024;https://gsc48.wordpress.com/wp-content/uploads/2024/08/edital-18-2024.jpg;-42,8086014;-5,08313651
83;Rua Areolino de Abreu;1439;Rua Areolino de Abreu, Número 1439 , Bairro Centro - Teresina/PI;Norte;Casa;Abandonado;;;Centro;00027.005623/2024-56;36-2024;https://gsc48.wordpress.com/wp-content/uploads/2024/08/edital-36-2024.jpg;-42,8135189;-5,0877661
92;Rua Eliseu Martins;1373;Rua Eliseu Martins, Número 1373 , Bairro Centro - Teresina/PI;Norte;Casa;Abandonado;;;Centro;00027.005628/2024-89;38-2024;https://gsc48.wordpress.com/wp-content/uploads/2024/08/edital-38-2024.jpg;-42,81366741;-5,088664924
90;Rua Eliseu Martins;S/Nº;Rua Eliseu Martins, Número S/Nº (Em frente ao nº 1321), Bairro Centro - Teresina/PI;Norte;Casa;Abandonado;(Em frente ao nº 1321);;Centro;00027.005625/2024-45;37-2024;https://gsc48.wordpress.com/wp-content/uploads/2024/08/edital-37-2024.jpg;-42,81408082;-5,08916314
93;Rua Eliseu Martins;1459;Rua Eliseu Martins, Número 1459 , Bairro Centro - Teresina/PI;Norte;Casa;Abandonado;;;Centro;00027.005629/2024-23;39-2024;https://gsc48.wordpress.com/wp-content/uploads/2024/08/edital-39-2024.jpg;-42,81297221;-5,088305253
125;Rua Álvaro Mendes;2021;Rua Álvaro Mendes, Número 2021 , Bairro Centro - Teresina/PI;Norte;Casa;Abandonado;;;Centro;00027.005641/2024-38;49-2024;https://gsc48.wordpress.com/wp-content/uploads/2024/08/edital-49-2024.jpg;-42,80773926;-5,08748148
127;Rua Álvaro Mendes;2151;Rua Álvaro Mendes, Número 2151 , Bairro Centro - Teresina/PI;Norte;Casa;Abandonado;;;Centro;00027.005642/2024-82;50-2024;https://gsc48.wordpress.com/wp-content/uploads/2024/08/edital-50-2024.jpg;-42,80662868;-5,08696337
191;Rua João Cabral;989;Rua João Cabral, Número 989 , Bairro Centro - Teresina/PI;Norte;Casa;Abandonado;;;Centro;00027.005668/2024-21;73-2024;https://gsc48.wordpress.com/wp-content/uploads/2024/08/edital-73-2024.jpg;-42,82166887;-5,08569328
192;Rua João Cabral;927;Rua João Cabral, Número 927 , Bairro Centro - Teresina/PI;Norte;Casa;Abandonado;;;Centro;00027.005669/2024-75;74-2024;https://gsc48.wordpress.com/wp-content/uploads/2024/08/edital-74-2024.jpg;-42,82135538;-5,086246196
193;Rua João Cabral;909;Rua João Cabral, Número 909 , Bairro Centro - Teresina/PI;Norte;Casa;Abandonado;;;Centro;00027.005670/2024-08;75-2024;https://gsc48.wordpress.com/wp-content/uploads/2024/08/edital-75-2024.jpg;-42,81365183;-5,100438228
197;Rua João Cabral;807;Rua João Cabral, Número 807 , Bairro Centro - Teresina/PI;Norte;Casa;Abandonado;;;Centro;00027.005676/2024-77;78-2024;https://gsc48.wordpress.com/wp-content/uploads/2024/08/edital-78-2024.jpg;-42,82091962;-5,087214052
102;Rua Eliseu Martins;S/Nº;Rua Eliseu Martins, Número S/Nº (Ao lado do nº1791), Bairro Centro - Teresina/PI;Norte;Prédio;Abandonado;(Ao lado do nº1791);;Centro;00027.005635/2024-81;43-2024;https://gsc48.wordpress.com/wp-content/uploads/2024/08/edital-43-2024.jpg;-42,81084379;-5,087156402
200;Rua João Cabral;476;Rua João Cabral, Número 476 , Bairro Centro - Teresina/PI;Norte;Casa;Abandonado;;;Centro;00027.005678/2024-66;80-2024;https://gsc48.wordpress.com/wp-content/uploads/2024/08/edital-80-2024.jpg;-42,81501314;-5,097607537
98;Rua Eliseu Martins;S/Nº;Rua Eliseu Martins, Número S/Nº (Em frente ao nº 1570), Bairro Centro - Teresina/PI;Norte;Casa;Abandonado;(Em frente ao nº 1570);;Centro;00027.005631/2024-01;41-2024;https://gsc48.wordpress.com/wp-content/uploads/2024/08/edital-41-2024.jpg;-42,81194606;-5,08772998
204;Rua Riachuelo;154;Rua Riachuelo, Número 154 , Bairro Centro - Teresina/PI;Norte;Casa;Abandonado;;;Centro;00027.005681/2024-80;83-2024;https://gsc48.wordpress.com/wp-content/uploads/2024/08/edital-83-2024.jpg;-42,81624277;-5,094522205
118;Rua Álvaro Mendes;S/Nº;Rua Álvaro Mendes, Número S/Nº (Em frente ao nº 1348), Bairro Centro - Teresina/PI;Norte;Terreno;Abandonado;(Em frente ao nº 1348);;Centro;00027.005639/2024-69;47-2024;https://gsc48.wordpress.com/wp-content/uploads/2024/08/edital-47-2024.jpg;-42,8130632;-5,09019904
274;Rua 7 de Setembro;722;Rua 7 de Setembro, Número 722 , Bairro Centro - Teresina/PI;Norte;Casa;Abandonado;;;Centro;00027.005753/2024-99;127-2024;https://gsc48.wordpress.com/wp-content/uploads/2024/08/edital-127-2024.jpg;-42,80845672;-5,099094671
106;Rua Eliseu Martins;S/Nº;Rua Eliseu Martins, Número S/Nº (Em frente ao nº 1975), Bairro Centro - Teresina/PI;Norte;Casa;Abandonado;(Em frente ao nº 1975);;Centro;00027.005636/2024-25;44-2024;https://gsc48.wordpress.com/wp-content/uploads/2024/08/edital-44-2024.jpg;-42,80876225;-5,086413264
275;Rua 7 de Setembro;701;Rua 7 de Setembro, Número 701 , Bairro Centro - Teresina/PI;Norte;Casa;Abandonado;;;Centro;00027.005758/2024-11;128-2024;https://gsc48.wordpress.com/wp-content/uploads/2024/08/edital-128-2024.jpg;-42,81503184;-5,084937133
276;Rua 7 de Setembro;508;Rua 7 de Setembro, Número 508 , Bairro Centro - Teresina/PI;Norte;Casa;Abandonado;;;Centro;00027.005760/2024-91;129-2024;https://gsc48.wordpress.com/wp-content/uploads/2024/08/edital-129-2024.jpg;-42,81503841;-5,085294106
277;Rua 7 de Setembro;433;Rua 7 de Setembro, Número 433 , Bairro Centro - Teresina/PI;Norte;Casa;Abandonado;;;Centro;00027.005761/2024-35;130-2024;https://gsc48.wordpress.com/wp-content/uploads/2024/08/edital-130-2024.jpg;-42,81416258;-5,086724647
278;Rua 7 de Setembro;417;Rua 7 de Setembro, Número 417 , Bairro Centro - Teresina/PI;Norte;Casa;Abandonado;;;Centro;00027.005762/2024-80;131-2024;https://gsc48.wordpress.com/wp-content/uploads/2024/08/edital-131-2024.jpg;-42,81400473;-5,087362951
107;Rua Eliseu Martins;S/Nº;Rua Eliseu Martins, Número S/Nº (Em frente ao nº 2015), Bairro Centro - Teresina/PI;Norte;Casa;Abandonado;(Em frente ao nº 2015);;Centro;00027.005637/2024-70;45-2024;https://gsc48.wordpress.com/wp-content/uploads/2024/08/edital-45-2024.jpg;-42,8083178;-5,08627747
279;Rua 7 de Setembro;150;Rua 7 de Setembro, Número 150 , Bairro Centro - Teresina/PI;Norte;Casa;Abandonado;;;Centro;00027.005763/2024-24;132-2024;https://gsc48.wordpress.com/wp-content/uploads/2024/08/edital-132-2024.jpg;-42,81394794;-5,087641736
108;Rua Eliseu Martins;S/Nº;Rua Eliseu Martins, Número S/Nº (Em frente à quadra de tênis do 25º BC), Bairro Centro - Teresina/PI;Norte;Prédio;Abandonado;(Em frente à quadra de tênis do 25º BC);;Centro;00027.005638/2024-14;46-2024;https://gsc48.wordpress.com/wp-content/uploads/2024/08/edital-46-2024.jpg;-42,80490416;-5,08455531
280;Rua 7 de Setembro;64;Rua 7 de Setembro, Número 64 , Bairro Centro - Teresina/PI;Norte;Casa;Abandonado;;;Centro;00027.005764/2024-79;133-2024;https://gsc48.wordpress.com/wp-content/uploads/2024/08/edital-133-2024.jpg;-42,81263019;-5,08962506
281;Rua 7 de Setembro;162;Rua 7 de Setembro, Número 162 , Bairro Centro - Teresina/PI;Norte;Casa;Abandonado;;;Centro;00027.005766/2024-68;134-2024;https://gsc48.wordpress.com/wp-content/uploads/2024/08/edital-134-2024.jpg;-42,81223914;-5,090324305
300;Rua 24 de Janeiro;500;Rua 24 de Janeiro, Número 500 , Bairro Centro - Teresina/PI;Norte;Casa;Abandonado;;;Centro;00027.005780/2024-61;143-2024;https://gsc48.wordpress.com/wp-content/uploads/2024/08/edital-143-2024.jpg;-42,81283021;-5,088101716
144;Rua Paissandu;S/Nº;Rua Paissandu, Número S/Nº (Ao lado do nº 1390), Bairro Centro - Teresina/PI;Sul;Casa;Abandonado;(Ao lado do nº 1390);;Centro;00027.005646/2024-61;54-2024;https://gsc48.wordpress.com/wp-content/uploads/2024/08/edital-54-2024.jpg;-42,812021;-5,09199725
301;Rua 24 de Janeiro;603;Rua 24 de Janeiro, Número 603 , Bairro Centro - Teresina/PI;Norte;Casa;Abandonado;;;Centro;00027.005781/2024-14;144-2023;https://gsc48.wordpress.com/wp-content/uploads/2024/08/edital-144-2023.jpg;-42,81346705;-5,086389476
325;Rua Arêa Leão;417;Rua Arêa Leão, Número 417 , Bairro Centro - Teresina/PI;Norte;Casa;Abandonado;;;Centro;00027.005798/2024-63;161-2024;https://gsc48.wordpress.com/wp-content/uploads/2024/08/edital-161-2024.jpg;-42,81062963;-5,08524953
147;Rua Félix Pacheco;S/Nº;Rua Félix Pacheco, Número S/Nº (Em frente ao nº 1780), Bairro Centro - Teresina/PI;Sul;Casa;Abandonado;(Em frente ao nº 1780);;Centro;00027.005649/2024-02;56-2024;https://gsc48.wordpress.com/wp-content/uploads/2024/08/edital-56-2024.jpg;-42,80831743;-5,09096296
337;Rua Anísio de Abreu;720;Rua Anísio de Abreu, Número 720 , Bairro Centro - Teresina/PI;Norte;Casa;Abandonado;;;Centro;00027.005811/2024-84;173-2024;https://gsc48.wordpress.com/wp-content/uploads/2024/08/edital-173-2024.jpg;-42,81020324;-5,083457722
208;Rua Riachuelo;S/Nº;Rua Riachuelo, Número S/Nº (Em frente ao nº 36), Bairro Centro - Teresina/PI;Norte;Casa;Abandonado;(Em frente ao nº 36);;Centro;00027.005684/2024-13;86-2024;https://gsc48.wordpress.com/wp-content/uploads/2024/08/edital-86-2024.jpg;-42,81655035;-5,093591094
209;Rua Riachuelo;S/Nº;Rua Riachuelo, Número S/Nº (Ao lado do nº 753) , Bairro Centro - Teresina/PI;Norte;Casa;Abandonado;(Ao lado do nº 753);;Centro;00027.005685/2024-68;87-2024;https://gsc48.wordpress.com/wp-content/uploads/2024/08/edital-87-2024.jpg;-42,82000229;-5,087282294
256;Rua 13 de Maio;S/Nº;Rua 13 de Maio, Número S/Nº (Em frente ao nº 818), Bairro Centro - Teresina/PI;Sul;Terreno;Abandonado;(Em frente ao nº 818);;Centro;00027.005730/2024-84;116-2024;https://gsc48.wordpress.com/wp-content/uploads/2024/08/edital-116-2024.jpg;-42,81014064;-5,098170801
154;Rua Félix Pacheco;1655;Rua Félix Pacheco, Número 1655 , Bairro Centro - Teresina/PI;Sul;Casa;Abandonado;;;Centro;00027.005651/2024-73;57-2024;https://gsc48.wordpress.com/wp-content/uploads/2024/08/edital-57-2024.jpg;-42,80943029;-5,09150347
299;Rua 24 de Janeiro;S/Nº;Rua 24 de Janeiro, Número S/Nº (Ao lado do nº 328), Bairro Centro - Teresina/PI;Norte;Terreno;Abandonado;(Ao lado do nº 328);;Centro;00027.005779/2024-37;142-2024;https://gsc48.wordpress.com/wp-content/uploads/2024/08/edital-142-2024.jpg;-42,81195417;-5,089193509
165;Rua Félix Pacheco;1445;Rua Félix Pacheco, Número 1445 , Bairro Centro - Teresina/PI;Sul;Casa;Abandonado;;;Centro;00027.005655/2024-51;60-2024;https://gsc48.wordpress.com/wp-content/uploads/2024/08/edital-60-2024.jpg;-42,81111157;-5,092363212
167;Rua Félix Pacheco;1397;Rua Félix Pacheco, Número 1397 , Bairro Centro - Teresina/PI;Sul;Casa;Abandonado;;;Centro;00027.005656/2024-04;61-2024;https://gsc48.wordpress.com/wp-content/uploads/2024/08/edital-61-2024.jpg;-42,81163715;-5,092607711
178;Rua Olavo Bilac;1618;Rua Olavo Bilac, Número 1618 , Bairro Centro - Teresina/PI;Sul;Casa;Abandonado;;;Centro;00027.005659/2024-30;64-2024;https://gsc48.wordpress.com/wp-content/uploads/2024/08/edital-64-2024.jpg;-42,8087397;-5,093390005
265;Rua David Caldas;S/Nº;Rua David Caldas, Número S/Nº (Ao lado do nº 830), Bairro Centro - Teresina/PI;Sul;Terreno;Abandonado;(Ao lado do nº 830);;Centro;00027.005744/2024-06;122-2024;https://gsc48.wordpress.com/wp-content/uploads/2024/08/edital-122-2024.jpg;-42,80964091;-5,098157656
182;Rua Olavo Bilac;1519;Rua Olavo Bilac, Número 1519 , Bairro Centro - Teresina/PI;Sul;Casa;Abandonado;;;Centro;00027.005660/2024-64;65-2024;https://gsc48.wordpress.com/wp-content/uploads/2024/08/edital-65-2024.jpg;-42,80970664;-5,093693821
266;Rua David Caldas;S/Nº;Rua David Caldas, Número S/Nº (Ao lado do nº 796), Bairro Centro - Teresina/PI;Sul;Terreno;Abandonado;(Ao lado do nº 796);;Centro;00027.005745/2024-42;123-2024;https://gsc48.wordpress.com/wp-content/uploads/2024/08/edital-123-2024.jpg;-42,80977375;-5,09785611
184;Rua Olavo Bilac;1176;Rua Olavo Bilac, Número 1176 , Bairro Centro - Teresina/PI;Sul;Casa;Abandonado;;;Centro;00027.005662/2024-53;67-2024;https://gsc48.wordpress.com/wp-content/uploads/2024/08/edital-67-2024.jpg;-42,81233575;-5,095298789
217;Rua Firmino Pires;542;Rua Firmino Pires, Número 542 , Bairro Centro - Teresina/PI;Sul;Casa;Abandonado;;;Centro;00027.005696/2024-48;93-2024;https://gsc48.wordpress.com/wp-content/uploads/2024/08/edital-93-2024.jpg;-42,81399923;-5,097299189
327;Rua Arêa Leão;S/Nº;Rua Arêa Leão, Número S/Nº (Em frente ao nº 812), Bairro Centro - Teresina/PI;Sul;Terreno;Abandonado;(Em frente ao nº 812);;Centro;00027.005800/2024-02;163-2024;https://gsc48.wordpress.com/wp-content/uploads/2024/08/edital-163-2024.jpg;-42,81066282;-5,085153094
218;Rua Firmino Pires;752;Rua Firmino Pires, Número 752 , Bairro Centro - Teresina/PI;Sul;Casa;Abandonado;;;Centro;00027.005697/2024-92;94-2024;https://gsc48.wordpress.com/wp-content/uploads/2024/08/edital-94-2024.jpg;-42,81288515;-5,099634776
328;Rua Arêa Leão;S/Nº;Rua Arêa Leão, Número S/Nº (Ao lado do nº 884), Bairro Centro - Teresina/PI;Sul;Casa;Abandonado;(Ao lado do nº 884);;Centro;00027.005801/2024-49;164-2024;https://gsc48.wordpress.com/wp-content/uploads/2024/08/edital-164-2024.jpg;-42,80554026;-5,095720756
222;Rua Rui Barbosa;519;Rua Rui Barbosa, Número 519 , Bairro Centro - Teresina/PI;Sul;Casa;Abandonado;;;Centro;00027.005698/2024-37;95-2024;https://gsc48.wordpress.com/wp-content/uploads/2024/08/edital-95-2024.jpg;-42,81327712;-5,096728872
329;Rua Arêa Leão;S/Nº;Rua Arêa Leão, Número S/Nº (Em frente ao nº 901), Bairro Centro - Teresina/PI;Sul;Terreno;Abandonado;(Em frente ao nº 901);;Centro;00027.005802/2024-93;165-2024;https://gsc48.wordpress.com/wp-content/uploads/2024/08/edital-165-2024.jpg;-42,80534227;-5,096441495
223;Rua Rui Barbosa;884;Rua Rui Barbosa, Número 884 , Bairro Centro - Teresina/PI;Sul;Casa;Abandonado;;;Centro;00027.005699/2024-81;96-2024;https://gsc48.wordpress.com/wp-content/uploads/2024/08/edital-96-2024.jpg;-42,81202483;-5,099707144
330;Rua Arêa Leão;S/Nº;Rua Arêa Leão, Número S/Nº (Em frente ao nº 909), Bairro Centro - Teresina/PI;Sul;Casa;Abandonado;(Em frente ao nº 909);;Centro;00027.005803/2024-38;166-2024;https://gsc48.wordpress.com/wp-content/uploads/2024/08/edital-166-2024.jpg;-42,8053386;-5,096500344
331;Rua Arêa Leão;S/Nº;Rua Arêa Leão, Número S/Nº (Em frente ao nº 919), Bairro Centro - Teresina/PI;Sul;Casa;Abandonado;(Em frente ao nº 919);;Centro;00027.005805/2024-27;167-2024;https://gsc48.wordpress.com/wp-content/uploads/2024/08/edital-167-2024.jpg;-42,80531168;-5,09657768
332;Rua Arêa Leão;934;Rua Arêa Leão, Número 934 , Bairro Centro - Teresina/PI;Sul;Casa;Abandonado;;;Centro;00027.005806/2024-71;168-2024;https://gsc48.wordpress.com/wp-content/uploads/2024/08/edital-168-2024.jpg;-42,80527349;-5,096635372
334;Rua Anísio de Abreu;S/Nº;Rua Anísio de Abreu, Número S/Nº (Em frente ao nº 530), Bairro Centro - Teresina/PI;Norte;Casa;Abandonado;(Em frente ao nº 530);;Centro;00027.005808/2024-61;170-2024;https://gsc48.wordpress.com/wp-content/uploads/2024/08/edital-170-2024.jpg;-42,8086793;-5,08657796
400;Avenida Joaquim Ribeiro;S/Nº;Avenida Joaquim Ribeiro, Número S/Nº (Em frente ao nº 1369), Bairro Vermelha - Teresina/PI;Sul;Casa;Abandonado;(Em frente ao nº 1369);;Vermelha;00027.005858/2024-48;218-2024;https://gsc48.wordpress.com/wp-content/uploads/2024/08/edital-218-2024.jpg;-42,81096067;-5,099604894
335;Rua Anísio de Abreu;S/Nº;Rua Anísio de Abreu, Número S/Nº (Em frente ao nº 540), Bairro Centro - Teresina/PI;Norte;Terreno;Abandonado;(Em frente ao nº 540);;Centro;00027.005809/2024-13;171-2024;https://gsc48.wordpress.com/wp-content/uploads/2024/08/edital-171-2024.jpg;-42,80998621;-5,084410893
336;Rua Anísio de Abreu;S/Nº;Rua Anísio de Abreu, Número S/Nº (Ao lado do nº 668), Bairro Centro - Teresina/PI;Norte;Terreno;Abandonado;(Ao lado do nº 668);;Centro;00027.005810/2024-30;172-2024;https://gsc48.wordpress.com/wp-content/uploads/2024/08/edital-172-2024.jpg;-42,81003603;-5,084252201
339;Rua Anísio de Abreu;S/Nº;Rua Anísio de Abreu, Número S/Nº (Em frente ao nº 885), Bairro Centro - Teresina/PI;Norte;Casa;Abandonado;(Em frente ao nº 885);;Centro;00027.005813/2024-73;175-2024;https://gsc48.wordpress.com/wp-content/uploads/2024/08/edital-175-2024.jpg;-42,81062474;-5,082586708
340;Rua Anísio de Abreu;546;Rua Anísio de Abreu, Número 546 , Bairro Centro - Teresina/PI;Sul;Casa;Abandonado;;;Centro;00027.005814/2024-18;176-2024;https://gsc48.wordpress.com/wp-content/uploads/2024/08/edital-176-2024.jpg;-42,81128271;-5,081395721
345;Rua Magalhães Filho;S/Nº;Rua Magalhães Filho, Número S/Nº (Ao lado do nº 253), Bairro Centro - Teresina/PI;Norte;Casa;Abandonado;(Ao lado do nº 253);;Centro;00027.005817/2024-51;179-2024;https://gsc48.wordpress.com/wp-content/uploads/2024/08/edital-179-2024.jpg;-42,80952751;-5,083194971
346;Rua Magalhães Filho;S/Nº;Rua Magalhães Filho, Número S/Nº (Ao lado do nº 165), Bairro Centro - Teresina/PI;Norte;Casa;Abandonado;(Ao lado do nº 165);;Centro;00027.005818/2024-04;180-2024;https://gsc48.wordpress.com/wp-content/uploads/2024/08/edital-180-2024.jpg;-42,8083072;-5,086218958
282;Rua 7 de Setembro;242;Rua 7 de Setembro, Número 242 , Bairro Centro - Teresina/PI;Sul;Casa;Abandonado;;;Centro;00027.005767/2024-11;135-2024;https://gsc48.wordpress.com/wp-content/uploads/2024/08/edital-135-2024.jpg;-42,81164731;-5,092309679
348;Rua Magalhães Filho;672;Rua Magalhães Filho, Número 672 , Bairro Centro - Teresina/PI;Sul;Casa;Abandonado;;;Centro;00027.005819/2024-41;181-2024;https://gsc48.wordpress.com/wp-content/uploads/2024/08/edital-181-2024.jpg;-42,80540739;-5,091916736
297;Rua 24 de Janeiro;422;Rua 24 de Janeiro, Número 422 , Bairro Centro - Teresina/PI;Sul;Casa;Abandonado;;;Centro;00027.005777/2024-48;140-2024;https://gsc48.wordpress.com/wp-content/uploads/2024/08/edital-140-2024.jpg;-42,80960548;-5,094079066
356;Rua Coelho de Resende;686;Rua Coelho de Resende, Número 686 , Bairro Centro - Teresina/PI;Sul;Casa;Abandonado;;;Centro;00027.005829/2024-86;189-2024;https://gsc48.wordpress.com/wp-content/uploads/2024/08/edital-189-2024.jpg;-42,80489508;-5,09180724
310;Rua Gabriel Ferreira;440;Rua Gabriel Ferreira, Número 440 , Bairro Centro - Teresina/PI;Sul;Casa;Abandonado;;;Centro;00027.005783/2024-03;146-2024;https://gsc48.wordpress.com/wp-content/uploads/2024/08/edital-146-2024.jpg;-42,81244216;-5,086753635
386;Rua São João;1216;Rua São João, Número 1216 , Bairro Centro - Teresina/PI;Sul;Casa;Abandonado;;;Centro;00027.005851/2024-26;211-2024;https://gsc48.wordpress.com/wp-content/uploads/2024/08/edital-211-2024.jpg;-42,81111631;-5,096497016
313;Rua Gabriel Ferreira;664;Rua Gabriel Ferreira, Número 664 , Bairro Centro - Teresina/PI;Sul;Casa;Abandonado;;;Centro;00027.005786/2024-39;149-2024;https://gsc48.wordpress.com/wp-content/uploads/2024/08/edital-149-2024.jpg;-42,80846379;-5,094877327
351;Rua Coelho de Resende;303;Rua Coelho de Resende, Número 303 , Bairro Centro - Teresina/PI;Sul;Casa;Abandonado;;;Centro;00027.005823/2024-17;184-2024;https://gsc48.wordpress.com/wp-content/uploads/2024/08/edital-184-2024.jpg;-42,80895491;-5,083295899
371;Rua Santa Luzia;1274;Rua Santa Luzia, Número 1274 , Bairro Centro - Teresina/PI;Sul;Casa;Abandonado;;;Centro;00027.005842/2024-35;202-2024;https://gsc48.wordpress.com/wp-content/uploads/2024/08/edital-202-2024.jpg;-42,81103083;-5,097517131
252;Rua Barroso;S/ Nº;Rua Barroso, Número S/ Nº (Em frente ao nº 1366), Bairro Centro - Teresina/PI;Norte;Terreno;Abandonado;(Em frente ao nº 1366);;Centro;00027.005726/2024-16;114-2024;https://gsc48.wordpress.com/wp-content/uploads/2024/08/edital-114-2024.jpg;-42,81965464;-5,080841148
381;Rua Santa Luzia;1664;Rua Santa Luzia, Número 1664 , Bairro Centro - Teresina/PI;Sul;Casa;Abandonado;;;Centro;00027.005847/2024-68;207-2024;https://gsc48.wordpress.com/wp-content/uploads/2024/08/edital-207-2024.jpg;-42,80752138;-5,096258895
366;Rua Des. Pires de Castro;S/Nº;Rua Des. Pires de Castro, Número S/Nº (Ao lado do nº 519), Bairro Centro - Teresina/PI;Norte;Terreno;Abandonado;(Ao lado do nº 519);;Centro;00027.005838/2024-77;198-2024;https://gsc48.wordpress.com/wp-content/uploads/2024/08/edital-198-2024.jpg;-42,80714317;-5,085088484
315;Rua Quintino Bocaiúva;S/Nº;Rua Quintino Bocaiúva, Número S/Nº (Ao lado do nº 767), Bairro Centro - Teresina/PI;Sul;Casa;Abandonado;(Ao lado do nº 767);;Centro;00027.005788/2024-28;151-2024;https://gsc48.wordpress.com/wp-content/uploads/2024/08/edital-151-2024.jpg;-42,80638245;-5,097233271
324;Rua Arêa Leão;S/Nº;Rua Arêa Leão, Número S/Nº (Em frente ao nº 485), Bairro Centro - Teresina/PI;Norte;Casa;Abandonado;(Em frente ao nº 485);;Centro;00027.005797/2024-19;160-2024;https://gsc48.wordpress.com/wp-content/uploads/2024/08/edital-160-2024.jpg;-42,81076589;-5,084841412
344;Rua Magalhães Filho;S/Nº;Rua Magalhães Filho, Número S/Nº (Ao lado do nº 642), Bairro Centro - Teresina/PI;Norte;Terreno;Abandonado;(Ao lado do nº 642);;Centro;00027.005816/2024-15;178-2024;https://gsc48.wordpress.com/wp-content/uploads/2024/08/edital-178-2024.jpg;-42,80443373;-5,0960336
326;Rua Arêa Leão;S/Nº;Rua Arêa Leão, Número S/Nº (Ao lado do nº 496), Bairro Centro - Teresina/PI;Sul;Casa;Abandonado;(Ao lado do nº 496);;Centro;00027.005799/2024-16;162-2024;https://gsc48.wordpress.com/wp-content/uploads/2024/08/edital-162-2024.jpg;-42,81049406;-5,085876296
338;Rua Anísio de Abreu;S/Nº;Rua Anísio de Abreu, Número S/Nº (Ao lado do nº 770), Bairro Centro - Teresina/PI;Norte;Terreno;Abandonado;(Ao lado do nº 770);;Centro;00027.005812/2024-29;174-2024;https://gsc48.wordpress.com/wp-content/uploads/2024/08/edital-174-2024.jpg;-42,8105397;-5,082779713
228;Rua Simplício Mendes;901;Rua Simplício Mendes, Número 901 , Bairro Centro - Teresina/PI;Sul;Casa;Abandonado;;;Centro;00027.005705/2024-09;99-2024;https://gsc48.wordpress.com/wp-content/uploads/2024/08/edital-99-2024.jpg;-42,8110844;-5,099447432
229;Rua Simplício Mendes;899;Rua Simplício Mendes, Número 899 , Bairro Centro - Teresina/PI;Sul;Casa;Abandonado;;;Centro;00027.005707/2024-90;100-2024;https://gsc48.wordpress.com/wp-content/uploads/2024/08/edital-100-2024.jpg;-42,81110539;-5,099407688
157;Rua Félix Pacheco;1612;Rua Félix Pacheco, Número 1612 , Bairro Centro - Teresina/PI;Sul;Casa;Abandonado;;;Centro;00027.005652/2024-18;58-2024;https://gsc48.wordpress.com/wp-content/uploads/2024/08/edital-58-2024.jpg;-42,80959715;-5,09190802
234;Rua Simplício Mendes;765;Rua Simplício Mendes, Número 765 , Bairro Centro - Teresina/PI;Sul;Casa;Abandonado;;;Centro;00027.005708/2024-34;101-2024;https://gsc48.wordpress.com/wp-content/uploads/2024/08/edital-101-2024.jpg;-42,81162514;-5,098264684
240;Rua Barroso;805;Rua Barroso, Número 805 , Bairro Centro - Teresina/PI;Sul;Casa;Abandonado;;;Centro;00027.005711/2024-58;103-2024;https://gsc48.wordpress.com/wp-content/uploads/2024/08/edital-103-2024.jpg;-42,81081136;-5,098372488
241;Rua Barroso;695;Rua Barroso, Número 695 , Bairro Centro - Teresina/PI;Sul;Casa;Abandonado;;;Centro;00027.005712/2024-01;104-2024;https://gsc48.wordpress.com/wp-content/uploads/2024/08/edital-104-2024.jpg;-42,81125413;-5,097521935
242;Rua Barroso;673;Rua Barroso, Número 673 , Bairro Centro - Teresina/PI;Sul;Casa;Abandonado;;;Centro;00027.005713/2024-47;105-2024;https://gsc48.wordpress.com/wp-content/uploads/2024/08/edital-105-2024.jpg;-42,81134372;-5,097292359
243;Rua Barroso;595;Rua Barroso, Número 595 , Bairro Centro - Teresina/PI;Sul;Casa;Abandonado;;;Centro;00027.005715/2024-36;106-2024;https://gsc48.wordpress.com/wp-content/uploads/2024/08/edital-106-2024.jpg;-42,81166695;-5,096729041
246;Rua Barroso;528;Rua Barroso, Número 528 , Bairro Centro - Teresina/PI;Sul;Casa;Abandonado;;;Centro;00027.005717/2024-25;108-2024;https://gsc48.wordpress.com/wp-content/uploads/2024/08/edital-108-2024.jpg;-42,81207575;-5,096320293
247;Rua Barroso;510;Rua Barroso, Número 510 , Bairro Centro - Teresina/PI;Sul;Casa;Abandonado;;;Centro;00027.005719/2024-14;109-2024;https://gsc48.wordpress.com/wp-content/uploads/2024/08/edital-109-2024.jpg;-42,81215307;-5,096082607
141;Rua Paissandu;1367;Rua Paissandu, Número 1367 , Bairro Centro - Teresina/PI;Sul;Casa;Abandonado;;;Centro;00027.005643/2024-27;51-2024;https://gsc48.wordpress.com/wp-content/uploads/2024/08/edital-51-2024.jpg;-42,8121283;-5,09182366
257;Rua 13 de Maio;829;Rua 13 de Maio, Número 829 , Bairro Centro - Teresina/PI;Sul;Casa;Abandonado;;;Centro;00027.005731/2024-29;117-2024;https://gsc48.wordpress.com/wp-content/uploads/2024/08/edital-117-2024.jpg;-42,81011786;-5,098242954
261;Rua David Caldas;905;Rua David Caldas, Número 905 , Bairro Centro - Teresina/PI;Sul;Casa;Abandonado;;;Centro;00027.005737/2024-04;120-2024;https://gsc48.wordpress.com/wp-content/uploads/2024/08/edital-120-2024.jpg;-42,80917902;-5,098568216
314;Rua Quintino Bocaiúva;873;Rua Quintino Bocaiúva, Número 873 , Bairro Centro - Teresina/PI;Sul;Terreno;Abandonado;;;Centro;00027.005787/2024-83;150-2024;https://gsc48.wordpress.com/wp-content/uploads/2024/08/edital-150-2024.jpg;-42,80834406;-5,095625074
318;Rua Arlindo Nogueira;671;Rua Arlindo Nogueira, Número 671 , Bairro Centro - Teresina/PI;Sul;Casa;Abandonado;;;Centro;00027.005791/2024-41;154-2024;https://gsc48.wordpress.com/wp-content/uploads/2024/08/edital-154-2024.jpg;-42,80674734;-5,094967689
319;Rua Arlindo Nogueira;636;Rua Arlindo Nogueira, Número 636 , Bairro Centro - Teresina/PI;Sul;Casa;Abandonado;;;Centro;00027.005792/2024-96;155-2024;https://gsc48.wordpress.com/wp-content/uploads/2024/08/edital-155-2024.jpg;-42,80678511;-5,094934312
370;Rua Santa Luzia;1201;Rua Santa Luzia, Número 1201 , Bairro Centro - Teresina/PI;Sul;Terreno;Abandonado;;;Centro;00027.005841/2024-91;201-2024;https://gsc48.wordpress.com/wp-content/uploads/2024/08/edital-201-2024.jpg;-42,81099986;-5,097773699
372;Rua Santa Luzia;1280;Rua Santa Luzia, Número 1280 , Bairro Centro - Teresina/PI;Sul;Casa;Abandonado;;;Centro;00027.005843/2024-80;203-2024;https://gsc48.wordpress.com/wp-content/uploads/2024/08/edital-203-2024.jpg;-42,81027833;-5,097495334
373;Rua Santa Luzia;1319;Rua Santa Luzia, Número 1319 , Bairro Centro - Teresina/PI;Sul;Casa;Abandonado;;;Centro;00027.005844/2024-24;204-2024;https://gsc48.wordpress.com/wp-content/uploads/2024/08/edital-204-2024.jpg;-42,8102381;-5,097453256
142;Rua Paissandu;1390;Rua Paissandu, Número 1390 , Bairro Centro - Teresina/PI;Sul;Casa;Abandonado;;;Centro;00027.005644/2024-71;52-2024;https://gsc48.wordpress.com/wp-content/uploads/2024/08/edital-52-2024.jpg;-42,81194683;-5,0919993
143;Rua Paissandu;1394;Rua Paissandu, Número 1394 , Bairro Centro - Teresina/PI;Sul;Casa;Abandonado;;;Centro;00027.005645/2024-16;53-2024;https://gsc48.wordpress.com/wp-content/uploads/2024/08/edital-53-2024.jpg;-42,81182956;-5,09193595
212;Rua Riachuelo;813;Rua Riachuelo, Número 813 , Bairro Centro - Teresina/PI;Sul;Casa;Abandonado;;;Centro;00027.005687/2024-57;89-2024;https://gsc48.wordpress.com/wp-content/uploads/2024/08/edital-89-2024.jpg;-42,8134525;-5,099518331
174;Rua Olavo Bilac;1941;Rua Olavo Bilac, Número 1941 , Bairro Centro - Teresina/PI;Sul;Casa;Abandonado;;;Centro;00027.005657/2024-41;62-2024;https://gsc48.wordpress.com/wp-content/uploads/2024/08/edital-62-2024.jpg;-42,80625301;-5,091974496
187;Rua Taumaturgo de Azevedo;265;Rua Taumaturgo de Azevedo, Número 265 , Bairro Piçarra - Teresina/PI;Sul;Casa;Abandonado;;;Piçarra;00027.005664/2024-42;69-2024;https://gsc48.wordpress.com/wp-content/uploads/2024/08/edital-69-2024.jpg;-42,80015393;-5,090425466
283;Rua 7 de Setembro;346;Rua 7 de Setembro, Número 346 , Bairro Centro - Teresina/PI;Sul;Casa;Abandonado;;;Centro;00027.005768/2024-57;136-2024;https://gsc48.wordpress.com/wp-content/uploads/2024/08/edital-136-2024.jpg;-42,81119527;-5,092995272
298;Rua 24 de Janeiro;S/Nº;Rua 24 de Janeiro, Número S/Nº (Ao lado do nº 174), Bairro Centro - Teresina/PI;Norte;Casa;Abandonado;(Ao lado do nº 174);;Centro;00027.005778/2024-92;141-2024;https://gsc48.wordpress.com/wp-content/uploads/2024/08/edital-141-2024.jpg;-42,80984298;-5,094077399
311;Rua Gabriel Ferreira;450;Rua Gabriel Ferreira, Número 450 , Bairro Centro - Teresina/PI;Sul;Casa;Abandonado;;;Centro;00027.005784/2024-40;147-2024;https://gsc48.wordpress.com/wp-content/uploads/2024/08/edital-147-2024.jpg;-42,80918754;-5,093942211
312;Rua Gabriel Ferreira;599;Rua Gabriel Ferreira, Número 599 , Bairro Centro - Teresina/PI;Sul;Terreno;Abandonado;;;Centro;00027.005785/2024-94;148-2024;https://gsc48.wordpress.com/wp-content/uploads/2024/08/edital-148-2024.jpg;-42,8091253;-5,093935073
388;Rua São João;1211;Rua São João, Número 1211 , Bairro Centro - Teresina/PI;Sul;Casa;Abandonado;;;Centro;00027.005853/2024-15;213-2024;https://gsc48.wordpress.com/wp-content/uploads/2024/08/edital-213-2024.jpg;-42,81119702;-5,096791447
267;Rua David Caldas;716;Rua David Caldas, Número 716 , Bairro Centro - Teresina/PI;Sul;Casa;Abandonado;;;Centro;00027.005747/2024-31;124-2024;https://gsc48.wordpress.com/wp-content/uploads/2024/08/edital-124-2024.jpg;-42,81555378;-5,085598703
320;Rua Arlindo Nogueira;S/Nº;Rua Arlindo Nogueira, Número S/Nº (Ao lado do nº 600), Bairro Centro - Teresina/PI;Norte;Casa;Abandonado;(Ao lado do nº 600);;Centro;00027.005793/2024-31;156-2024;https://gsc48.wordpress.com/wp-content/uploads/2024/08/edital-156-2024.jpg;-42,80711353;-5,094655789
333;Rua Anísio de Abreu;S/Nº;Rua Anísio de Abreu, Número S/Nº (Ao lado do nº248), Bairro Centro - Teresina/PI;Norte;Casa;Abandonado;(Ao lado do nº248);;Centro;00027.005807/2024-16;169-2024;https://gsc48.wordpress.com/wp-content/uploads/2024/08/edital-169-2024.jpg;-42,80522846;-5,096743912
392;Rua São João;9685;Rua São João, Número 9685 , Bairro Centro - Teresina/PI;Sul;Casa;Abandonado;;;Centro;00027.005855/2024-12;215-2024;https://gsc48.wordpress.com/wp-content/uploads/2024/08/edital-215-2024.jpg;-42,8126799;-5,09718679
399;Avenida Joaquim Ribeiro;S/Nº;Avenida Joaquim Ribeiro, Número S/Nº (Em frente ao nº 1100), Bairro Centro - Teresina/PI;Sul;Casa;Abandonado;(Em frente ao nº 1100);;Centro;00027.005857/2024-01;217-2024;https://gsc48.wordpress.com/wp-content/uploads/2024/08/edital-217-2024.jpg;-42,81082909;-5,099879831
402;Avenida Joaquim Ribeiro;S/Nº;Avenida Joaquim Ribeiro, Número S/Nº (Ao lado do nº 2050), Bairro Nossa Sra Das Graças - Teresina/PI;Sul;Casa;Abandonado;(Ao lado do nº 2050);;Nossa Sra Das Graças;00027.005860/2024-17;220-2024;https://gsc48.wordpress.com/wp-content/uploads/2024/08/edital-220-2024.jpg;-42,80347875;-5,096783277
341;Rua Anísio de Abreu;391;Rua Anísio de Abreu, Número 391 , Bairro Centro - Teresina/PI;Sul;Casa;Abandonado;;;Centro;00027.005815/2024-62;177-2024;https://gsc48.wordpress.com/wp-content/uploads/2024/08/edital-177-2024.jpg;-42,80586577;-5,093155811
349;Rua Coelho de Resende;S/Nº;Rua Coelho de Resende, Número S/Nº (Em frente ao nº 551), Bairro Centro - Teresina/PI;Norte;Casa;Abandonado;(Em frente ao nº 551);;Centro;00027.005820/2024-75;182-2024;https://gsc48.wordpress.com/wp-content/uploads/2024/08/edital-182-2024.jpg;-42,80475267;-5,093932513
352;Rua Coelho de Resende;318;Rua Coelho de Resende, Número 318 , Bairro Centro - Teresina/PI;Sul;Casa;Abandonado;;;Centro;00027.005825/2024-06;185-2024;https://gsc48.wordpress.com/wp-content/uploads/2024/08/edital-185-2024.jpg;-42,80507109;-5,090767145
353;Rua Coelho de Resende;396;Rua Coelho de Resende, Número 396 , Bairro Centro - Teresina/PI;Sul;Casa;Abandonado;;;Centro;00027.005826/2024-42;186-2024;https://gsc48.wordpress.com/wp-content/uploads/2024/08/edital-186-2024.jpg;-42,80530176;-5,090934122
354;Rua Coelho de Resende;452;Rua Coelho de Resende, Número 452 , Bairro Centro - Teresina/PI;Sul;Casa;Abandonado;;;Centro;00027.005827/2024-97;187-2024;https://gsc48.wordpress.com/wp-content/uploads/2024/08/edital-187-2024.jpg;-42,80509547;-5,091278707
355;Rua Coelho de Resende;S/Nº;Rua Coelho de Resende, Número S/Nº (Ao lado do nº 452), Bairro Centro - Teresina/PI;Sul;Casa;Abandonado;(Ao lado do nº 452);;Centro;00027.005828/2024-31;188-2024;https://gsc48.wordpress.com/wp-content/uploads/2024/08/edital-188-2024.jpg;-42,80487619;-5,091888441
357;Rua Coelho de Resende;679;Rua Coelho de Resende, Número 679 , Bairro Centro - Teresina/PI;Sul;Casa;Abandonado;;;Centro;00027.005830/2024-19;190-2024;https://gsc48.wordpress.com/wp-content/uploads/2024/08/edital-190-2024.jpg;-42,80388779;-5,094057388
358;Rua Coelho de Resende;689;Rua Coelho de Resende, Número 689 , Bairro Centro - Teresina/PI;Sul;Casa;Abandonado;;;Centro;00027.005831/2024-55;191-2024;https://gsc48.wordpress.com/wp-content/uploads/2024/08/edital-191-2024.jpg;-42,80369721;-5,093775083
359;Rua Coelho de Resende;772;Rua Coelho de Resende, Número 772 , Bairro Centro - Teresina/PI;Sul;Casa;Abandonado;;;Centro;00027.005832/2024-08;192-2024;https://gsc48.wordpress.com/wp-content/uploads/2024/08/edital-192-2024.jpg;-42,80362541;-5,093843091
360;Rua Des. Pires de Castro;S/Nº;Rua Des. Pires de Castro, Número S/Nº (Em frente ao nº 884), Bairro Centro - Teresina/PI;Sul;Terreno;Abandonado;(Em frente ao nº 884);;Centro;00027.005833/2024-44;193-2024;https://gsc48.wordpress.com/wp-content/uploads/2024/08/edital-193-2024.jpg;-42,80370053;-5,094531411
363;Rua Des. Pires de Castro;S/Nº;Rua Des. Pires de Castro, Número S/Nº (Esquina c/ Rua Félix Pacheco), Bairro Centro - Teresina/PI;Sul;Casa;Abandonado;(Esquina c/ Rua Félix Pacheco);;Centro;00027.005835/2024-33;195-2024;https://gsc48.wordpress.com/wp-content/uploads/2024/08/edital-195-2024.jpg;-42,80287585;-5,094193034
379;Rua Santa Luzia;1608;Rua Santa Luzia, Número 1608 , Bairro Centro - Teresina/PI;Sul;Casa;Abandonado;;;Centro;00027.005846/2024-13;206-2024;https://gsc48.wordpress.com/wp-content/uploads/2024/08/edital-206-2024.jpg;-42,80775233;-5,096166425
382;Rua São João;1438;Rua São João, Número 1438 , Bairro Centro - Teresina/PI;Sul;Casa;Abandonado;;;Centro;00027.005848/2024-11;208-2024;https://gsc48.wordpress.com/wp-content/uploads/2024/08/edital-208-2024.jpg;-42,80709247;-5,096075848
385;Rua São João;S/Nº;Rua São João, Número S/Nº (Ao lado do nº 1227), Bairro Centro - Teresina/PI;Sul;Casa;Abandonado;(Ao lado do nº 1227);;Centro;00027.005850/2024-81;210-2024;https://gsc48.wordpress.com/wp-content/uploads/2024/08/edital-210-2024.jpg;-42,81060023;-5,0962401
387;Rua São João;1224;Rua São João, Número 1224 , Bairro Centro - Teresina/PI;Sul;Casa;Abandonado;;;Centro;00027.005852/2024-71;212-2024;https://gsc48.wordpress.com/wp-content/uploads/2024/08/edital-212-2024.jpg;-42,81126141;-5,096799353
271;Rua David Caldas;583;Rua David Caldas, Número 583 , Bairro Centro - Teresina/PI;Sul;Casa;Abandonado;;;Centro;00027.005749/2024-21;125-2024;https://gsc48.wordpress.com/wp-content/uploads/2024/08/edital-125-2024.jpg;-42,81072509;-5,095907866
273;Rua 7 de Setembro;980;Rua 7 de Setembro, Número 980 , Bairro Vermelha - Teresina/PI;Norte;Terreno;Abandonado;;;Vermelha;00027.005751/2024-08;126-2024;https://gsc48.wordpress.com/wp-content/uploads/2024/08/edital-126-2024.jpg;-42,81079122;-5,095748819
286;Rua 24 de Janeiro;S/Nº;Rua 24 de Janeiro, Número S/Nº (Em frente ao nº 886), Bairro Centro - Teresina/PI;Sul;Terreno;Abandonado;(Em frente ao nº 886);;Centro;00027.005769/2024-00;137-2024;https://gsc48.wordpress.com/wp-content/uploads/2024/08/edital-137-2024.jpg;-42,80819328;-5,098033608
369;Rua Santa Luzia;1188;Rua Santa Luzia, Número 1188 , Bairro Centro - Teresina/PI;Sul;Casa;Abandonado;;;Centro;00027.005840/2024-46;200-2024;https://gsc48.wordpress.com/wp-content/uploads/2024/08/edital-200-2024.jpg;-42,8117762;-5,098044941
289;Rua 24 de Janeiro;809;Rua 24 de Janeiro, Número 809 , Bairro Centro - Teresina/PI;Sul;Casa;Abandonado;;;Centro;00027.005774/2024-12;138-2024;https://gsc48.wordpress.com/wp-content/uploads/2024/08/edital-138-2024.jpg;-42,80826304;-5,097688567
296;Rua 24 de Janeiro;433;Rua 24 de Janeiro, Número 433 , Bairro Centro - Teresina/PI;Sul;Terreno;Abandonado;;;Centro;00027.005775/2024-59;139-2024;https://gsc48.wordpress.com/wp-content/uploads/2024/08/edital-139-2024.jpg;-42,8088774;-5,095776016
309;Rua Gabriel Ferreira;426;Rua Gabriel Ferreira, Número 426 , Bairro Centro - Teresina/PI;Sul;Terreno;Abandonado;;;Centro;00027.005782/2024-51;145-2024;https://gsc48.wordpress.com/wp-content/uploads/2024/08/edital-145-2024.jpg;-42,80780163;-5,096764747
391;Rua São João;1047;Rua São João, Número 1047 , Bairro Centro - Teresina/PI;Sul;Casa;Abandonado;;;Centro;00027.005854/2024-60;214-2024;https://gsc48.wordpress.com/wp-content/uploads/2024/08/edital-214-2024.jpg;-42,81148927;-5,096838455
398;Avenida Joaquim Ribeiro;1100;Avenida Joaquim Ribeiro, Número 1100 , Bairro Vermelha - Teresina/PI;Sul;Casa;Abandonado;;;Vermelha;00027.005856/2024-59;216-2024;https://gsc48.wordpress.com/wp-content/uploads/2024/08/edital-216-2024.jpg;-42,81217556;-5,100488759
362;Rua Des. Pires de Castro;786;Rua Des. Pires de Castro, Número 786 , Bairro Centro - Teresina/PI;Sul;Casa;Abandonado;;;Centro;00027.005834/2024-99;194-2024;https://gsc48.wordpress.com/wp-content/uploads/2024/08/edital-194-2024.jpg;-42,80237816;-5,094712496
378;Rua Santa Luzia;1593;Rua Santa Luzia, Número 1593 , Bairro Centro - Teresina/PI;Sul;Casa;Abandonado;;;Centro;00027.005845/2024-79;205-2024;https://gsc48.wordpress.com/wp-content/uploads/2024/08/edital-205-2024.jpg;-42,80794021;-5,096247808
384;Rua São João;1305;Rua São João, Número 1305 , Bairro Centro - Teresina/PI;Sul;Casa;Abandonado;;;Centro;00027.005849/2024-57;209-2024;https://gsc48.wordpress.com/wp-content/uploads/2024/08/edital-209-2024.jpg;-42,80964086;-5,09587921
